{
"name":"Zuhair Murad",
"price":800,
"sku":"35437795155",
"tag":"wedding,dress",
"attributes":
{
"Silhouette":"Ball-Gown",
"Neckline":"Sweetheart",
"Hemline/Train":"Court Train",
"Embellishment":"Beadwork, Sequins",
"Fabric":"Organza, Satin",
"Back Style":"Lace Up",
"Straps":"Strapless",
"Sleeve":"Sleeveless",
"Wedding Venues":"Church",
"Size":"General, Plus",
"Style":"Luxury Wedding Dresses",
"Shown Color":"White"
},
"buyNow":"http://item.taobao.com/item.htm?spm=a230r.1.14.1.Zzhypj&id=35437795154",
"description":""
}
